date,place,address,long,lat,evak1,evak2,link
2017-12-30,ТЦ Капитолий,"Сходненская, д. 56 ",55.8503373,37.4407819,да,700,http://www.mskagency.ru/materials/2740640
2017-12-20,ГЗ МГУ,"Ленинские горы, 1",55.6960822,37.5348973,да,нет информации,http://tass.ru/proisshestviya/4829331
2017-12-20,Журфак МГУ,"Моховая, дом 9, строение 1",55.754334,37.6083442,НЕТ ,ВБРОС СМИ?,http://www.mskagency.ru/materials/2736619
2017-12-20,Государственная дума,"Охотный Ряд, дом 1",55.757968,37.613127,да,нет информации,http://tass.ru/proisshestviya/4828567
2017-12-20,Приемная Государственной думы,улица Моховая дом 7,55.7527742,37.6086658,да,нет информации,http://tass.ru/proisshestviya/4828567
2017-12-20,ТЦ Охотный ряд,"Манежная площадь, д.1, стр.2",55.7554867,37.6122023,нет,,http://www.interfax.ru/moscow/592700
2017-12-20,Научная библиотека мгу,"Ломоносовский проспект, д. 27",55.7005974,37.5182603,да,100,https://ria.ru/incidents/20171220/1511355657.html
2017-12-13,ТЦ Водный,"Головинское шоссе, д.5",55.8402076,37.4894479,да,нет информации,https://www.m24.ru/news/proisshestviya/13122017/19449
2017-12-13,"ТЦ ""Круг""","Старокачаловская ул. , д. 5А",55.5700228,37.5787488,да,80,https://www.m24.ru/news/proisshestviya/13122017/19449
2017-08-12,Приемная ГОСДУМЫ,"Моховая, дом 7",55.7527742,37.6086658,да,500,https://www.m24.ru/news/proishsetsviya/08122017/19023
2017-05-12,БЦ Алгоритм,"ул. Академика Пилюгина, д. 22",55.669628,37.5295902,да,1200,http://www.mskagency.ru/materials/2730613
2017-04-12,ЦДМ на Лубянке,"Театральный проезд, дом 5, строение 1",55.7601597,37.6224232,да,600,"http://www.mskagency.ru/materials/2730212
http://www.mskagency.ru/materials/2730218"
2017-04-12,ФСБ России,"ул. Большая Лубянка, дом 21, корпус 1/1",55.7659879,37.6286499,??,нет информации,https://www.rbc.ru/rbcfreenews/5a253f839a794769632b7733
2017-11-30,Кузьминский районный суд,"Зеленодольская ул., 8/13",55.71541,37.7864422,Н/И,нет информации,https://ria.ru/incidents/20171130/1509949491.html
2017-11-30,Измайловский районный суд,"Первомайская ул., д. 12",55.790915,37.7723092,Н/И,нет информации,https://ria.ru/incidents/20171130/1509949491.html
2017-11-30,Коптевский районный суд,"Зои Космодемьянской ул., д. 31, к.2",55.824847,37.5203862,Н/И,нет информации,https://ria.ru/incidents/20171130/1509949491.html
2017-11-30,Кунцевский районный суд,"Ярцевская ул., д.12",55.7368174,37.4090477,нет,,"https://ria.ru/incidents/20171130/1509949491.html
http://www.tvc.ru/news/show/id/128474"
2017-11-30,Останкинский районный суд,"1-ая Останкинская ул., д. 35",55.824465,37.6274584,да,нет информации,https://ria.ru/incidents/20171130/1509949491.html
2017-11-29,ГБОУ Лицей № 1571,"ул. Фомичевой, д. 1, корп. 1",55.857467,37.4445883,да,530,http://www.mskagency.ru/materials/2728658
2017-11-29,Храм Христа Спасителя,"Волхонка ул., 15",55.7443806,37.6033397,нет,,http://tass.ru/proisshestviya/4770151
2017-11-28,Гостинничный комплекс Измайлово," Измайловское шоссе, д. 71",55.7904538,37.7448324,да,нет информации,http://www.mskagency.ru/materials/2728129
2017-11-27,ТЦ Охотный ряд,"Манежная площадь, д.1, стр.2",55.7554867,37.6122023,да,1000,"http://www.mk.ru/incident/2017/11/27/v-moskve-evakuirovali-tc-okhotnyy-ryad.html
http://www.mskagency.ru/materials/2728041"
2017-11-27,ЦДМ на Лубянке,"Театральный проезд, дом 5, строение 1",55.7601597,37.6224232,да,700,https://news.rambler.ru/incidents/38524110-v-moskve-evakuirovali-tsentralnyy-detskiy-magazin/
2017-11-27,Сретенский Храм на Лубянке,"Большая Лубянка ул., д. 19, к.1",55.765675,37.6302009,нет,,http://tass.ru/proisshestviya/4761514
2017-11-23,Министерство труда и соц. защиты,"ул. Ильинка, д. 21",55.756694,37.6261513,да,200,http://www.mskagency.ru/materials/2726984
2017-11-22,Жилой дом,"Варшавское шоссе, 126",55.626072,37.614672,да,нет информации,http://www.mskagency.ru/materials/2726678
2017-11-21,ТЦ Золотой Вавилон,"проспект Мира, д. 211, корп. 2",55.8449021,37.6576416,да,5000,http://www.mskagency.ru/materials/2726192
2017-11-20,Киевский вокзал,"пл. Киевского Вокзала, 1",55.743084,37.56611,да,400,http://www.mskagency.ru/materials/2725654
2017-11-20,Телецентр Останкино,"Академика Королева ул., 12",55.8219662,37.6058766,нет,,http://www.tvc.ru/news/show/id/127795
2017-11-17,ТЦ Времена года,"Кутузовский проспект, д.48",55.731695,37.4852773,да,нет информации,http://www.mskagency.ru/materials/2724959
2017-11-17,ТРК Райкин плаза,"ул. Шереметьевская, д. 6, корп. 1.",55.7957728,37.6146518,да,2000,http://www.mskagency.ru/materials/2725264
2017-11-16,приемные Госдумы и Совета Федерации /бизнес центр (одно здание),"Моховая ул. , дом 7",55.7527742,37.6086658,да,200,http://www.mskagency.ru/materials/2724675
2017-11-15,ГБОУ СОШ 1399,"Вилиса Лациса ул., д. 33/2.",55.858774,37.409506,да,100,http://www.mskagency.ru/materials/2724369
2017-11-13,Банк Советский,"Головскинское шоссе, д.1",55.8397219,37.4882918,нет информации,нет информации,http://www.mskagency.ru/materials/2723367
2017-12-11,17-этажный жилой дом,"Симферопольский бульвар, д. 29, к.1",55.6479034,37.6062963,да,60,http://www.mskagency.ru/materials/2723199
2017-12-11,Курский вокзал,Площадь Курского Вокзала,55.7574119,37.6589137,да,50 или 200?,"http://www.interfax.ru/moscow/587031
https://360tv.ru/news/chp/ugroza-vzryva-kurskogo-vokzala-v-moskve-okazalas-lozhnoj/"
2017-10-11,Ночной клуб Tesla Place,"шоссе Энтузиастов, д. 5, корп. 2",55.794802,37.9306819,да,нет информации,http://www.mskagency.ru/materials/2723015
2017-08-11,Казанский вокзал,"Комсомольская пл., 2",55.7736063,37.6545702,нет,,https://ria.ru/incidents/20171108/1508387982.html
2017-07-11,СК олимпийский,"Олимпийский проспект, 16, с.1",55.7811075,37.6243632,да,2000,http://www.mk.ru/moscow/2017/11/07/iz-sk-olimpiyskiy-evakuirovany-2-tysyachi-chelovek.html
2017-07-11,Жилой дом,"Палехская ул., д.5",55.86379,37.6908483,да,нет информации,"https://govoritmoskva.ru/news/140704/
http://www.mskagency.ru/materials/2721468"
2017-05-11,Гостинница Метрополь,"Театральный проезд, д. 2",55.7584137,37.6196614,да," 2000/ но есть инфа, что якобы и не было эвакуации","https://ria.ru/incidents/20171105/1508243359.html
https://www.rbc.ru/society/05/11/2017/59ff2f2c9a79475c3448ccda"
2017-05-11,ТД ГУМ,"Красная площадь, с.3",55.7546025,37.6215995,да,2800,https://ria.ru/incidents/20171105/1508243359.html
2017-05-11,Кинотеатр Высота,"ул. Юных Ленинцев, д. 52",55.6998313,37.7633373,да,нет информации,http://www.mskagency.ru/materials/2721286
2017-05-11,Кинотеатр Факел,"Шоссе Энтузиастов, 15/16",55.751846,37.7139333,да,1000,"https://www.rbc.ru/society/05/11/2017/59ff2f2c9a79475c3448ccda
https://ria.ru/incidents/20171105/1508243653.html"
2017-05-11,ТЦ Дубровка,"Шарикоподшипниковская ул., 13, стр. 3,",55.7182783,37.6753387,да,1000,https://ria.ru/incidents/20171105/1508243653.html
2017-05-11,ТЦ Таганский пассаж,"Таганская ул., 3,",55.7412802,37.6562671,да,2500,https://ria.ru/incidents/20171105/1508243653.html
2017-05-11,ТЦ Аркадия,"Большой Овчинниковский пер., 16,",55.74447,37.6279502,да,,https://ria.ru/incidents/20171105/1508243653.html
2017-05-11,ТЦ Гудзон,"Каширское ш., 14,",55.6647275,37.6243747,да,,https://ria.ru/incidents/20171105/1508243653.html
2017-05-11,Большой театр,"Театральная площадь, дом 1",55.7601365,37.6164599,да,3500,https://www.rbc.ru/society/05/11/2017/59ff2f2c9a79475c3448ccda
2017-05-11,ТЦ Европейский,"Киевская пл., 2",55.7443384,37.5636117,да,11000,https://ria.ru/incidents/20171105/1508237101.html
2017-06-11,"ТРЦ ""Дисконт""","Орджоникидзе ул., 11",55.7091458,37.5935265,да,,https://ria.ru/incidents/20171105/1508237101.html
2017-05-11,Музей архитектуры имени А. В. Щусева,"Воздвиженка ул., 5/25",55.752501,37.6047462,да,нет информации,https://www.rbc.ru/society/05/11/2017/59ff2f2c9a79475c3448ccda
2017-05-11,ТЦ Outlet Village Белая Дача.,"Новорязанское шоссе, дом 8",55.660768,37.8756803,да,нет информации,http://www.mskagency.ru/materials/2721278
2017-05-11,Кинотеатр Космос,"Проспект Мира, 109",55.818717,37.6345923,да,500,https://www.currenttime.tv/a/28836338.html
2017-05-11,ТЦ Атриум,"Земляной вал, 33",55.7572631,37.6568853,да,нет информации,"https://ria.ru/incidents/20171105/1508243359.html
http://www.mskagency.ru/materials/2721276"
2017-05-11,ТЦ Охотный ряд,"Манежная площадь, д.1, стр.2",55.7554867,37.6122023,да,нет информации,https://iz.ru/667322/2017-11-05/shest-torgovykh-tcentrov-v-moskve-evakuirovali-iz-za-ugrozy-terakta
2017-05-11,Галерея Атлантис (ТЦ),"Варшавское шоссе, 160",55.582921,37.5933865,да,нет информации,https://ria.ru/incidents/20171026/1507600593.html
2017-10-28,ТЦ Водный,"Головинское шоссе, д. 5.",55.8402046,,да,нет информации,http://www.mskagency.ru/materials/2719124
2017-10-26,"Кинотеатр ""Солярис""","Перерва ул., 43 , к.1",55.6604668,37.7496441,да,нет информации,https://ria.ru/incidents/20171026/1507600593.html
2017-10-26,Кинотеатр Алмаз,"Шаболовская ул., 56",55.7845993,37.3110632,да,нет информации,https://ria.ru/incidents/20171026/1507600593.html
2017-10-26,Кинотеатр Соловей,"Дружинниковская ул., 15",55.759728,37.5726743,да,100,"https://ria.ru/incidents/20171026/1507600593.html
http://www.mskagency.ru/materials/2718359"
2017-10-26,Российский экономический университет имени Плеханова,"Стремянный пер., 14",55.7280406,37.6278722,да,300,"https://iz.ru/663421/2017-10-26/smi-300-chelovek-evakuirovali-iz-reu-im-plekhanova-iz-za-ugrozy-vzryva
http://www.mskagency.ru/materials/2718305"
2017-10-25,Кинотеатр Высота,"ул. Юных Ленинцев, д. 52",55.6998313,37.7633373,да,нет информации,http://www.mskagency.ru/materials/2718147
2017-10-23,ГЗ МГУ,"Ленинские горы, 1",55.6960822,37.5348973,да,нет информации,http://www.mskagency.ru/materials/2717147
2017-10-22,ТЦ Европейский,"пл. Киевского Вокзала, 2,",55.7443384,37.5636117,да,3000,https://mir24.tv/news/16273803/iz-tc-evropeiskii-v-moskve-evakuirovali-tri-tysyachi-chelovek
2017-09-21,ТЦ Калужский,"Профсоюзная ул., 61А",55.6560231,37.5391299,да,нет информации,https://www.rbc.ru/rbcfreenews/59c3e8eb9a7947bc27b43dc1
2017-09-20,ТЦ Кунцево,"Ярцевская ул., 19 ·",55.7385962,37.4088099,да,нет информации,http://www.interfax.ru/moscow/579907
2017-10-21,ГКБ имени Буянова,"Бакинская ул., 26,",55.618845,37.6520683,да,нет информации,https://rg.ru/2017/10/21/reg-cfo/bolnicu-imeni-buianova-evakuirovali-iz-za-ugrozy-vzryva.html
2017-10-20,ГЗ МГУ,"Ленинские горы, 1",55.6960822,37.5348973,да,2000,http://www.the-village.ru/village/city/news-city/288408-msu
2017-10-20,Посольство Японии,"Грохольский переулок, 27",55.777897,37.6400103,да,нет информации,https://www.rbc.ru/rbcfreenews/59e9c26b9a794775552625c1 https://tsargrad.tv/news/posolstvo-japonii-v-moskve-proverjajut-na-nalichie-bomby_91534
2017-10-18,Российская государственная библиотека,"Воздвиженка ул., 3/5",55.7517731,37.60668,да,100,https://zona.media/chronicle/minirovanie
2017-10-18,Курский вокзал,Площадь Курского Вокзала,55.7574119,37.6589137,да,600,https://zona.media/chronicle/minirovanie
2017-10-18,Павелецкий вокзал,"Павелецкая площадь, 1",55.7297494,37.6371607,да,450,https://zona.media/chronicle/minirovanie
2017-10-18,Ярославский вокзал,"Комсомольская пл., 5",55.776788,37.6551488,да,500,https://zona.media/chronicle/minirovanie
2017-09-10,Мавзолей Ленина,Красная площадь,55.7537147,37.6176958,нет,,https://lenta.ru/news/2017/10/09/vzorvat_lenina/
2017-08-10,ТЦ Гудзон,"Каширское шоссе, 14",55.6647275,37.6243747,да,1000+,https://www.kp.ru/online/news/2892702/
2017-08-10,ТДК Тульский,"Большая Тульска ул., 11",55.710106,37.6216883,да,3000,http://www.interfax.ru/moscow/582349
2017-08-10,ТК Дубровка,"Шарикоподшипниковская ул, 13, с 3",55.7182783,37.6753387,да,,http://www.interfax.ru/moscow/582349
2017-07-10,ТЦ Охотный ряд,"Манежная пл., 1, с.2",55.7554867,37.6122023,да,1500,"https://ria.ru/incidents/20171006/1506372983.html
http://www.interfax.ru/moscow/582254"
2017-06-10,Отель Marriott,Новый Арбат 32,55.753366,37.5784529,да,100,http://tass.ru/proisshestviya/4625190
2017-06-10,ТЦ Калейдоскоп,"ул. Сходненская, д. 56",55.8504584,37.4414319,да,нет информации,http://www.mskagency.ru/materials/2712205
2017-06-10,МАИ,"Волоколамское шоссе, д. 4",55.8107898,37.4959405,да,нет информации,"http://www.mskagency.ru/materials/2712187
https://www.gazeta.ru/social/news/2017/10/06/n_10660256.shtml"
2017-06-10,ТЦ Охотный ряд,"Манежная пл., 1 с 2",55.7554867,37.6122023,да,нет информации,https://ria.ru/incidents/20171006/1506372983.html
2017-06-10,Белорусский вокзал,"пл. Тверская Застава, 7,",55.776916,37.5792763,да,нет информации,https://ria.ru/incidents/20171006/1506356294.html
2017-06-10,Курский вокзал,пл. Курского вокзала,55.7574119,37.6589137,да,нет информации,https://ria.ru/incidents/20171006/1506356294.html
2017-06-10,Казанский вокзал,"Комсомольская пл., 2,",55.7736063,37.6545702,да,нет информации,https://ria.ru/incidents/20171006/1506356294.html
2017-06-10,Ярославский вокзал,"Комсомольская пл., 5,",55.776788,37.6551488,да,нет информации,https://ria.ru/incidents/20171006/1506356294.html
2017-06-10,ТЦ Атриум,"ул. Земляной Вал, 33",55.7572631,37.6568853,да,нет информации,https://ria.ru/incidents/20171006/1506350664.html
2017-09-26,"Кинотеатр  ""Березка""","Мартеновская ул., 25",55.749873,37.8003532,да,нет информации,https://ria.ru/incidents/20170926/1505633105.html
2017-09-26,"Кинотеатр ""Баку""","ул. Усиевича, 12/14.",5.8063205,37.5260943,да,нет информации,https://ria.ru/incidents/20170926/1505633105.html
2017-09-26,"Кинотеатр ""Пионер""","Кутузовский просп., 21,",55.745035,37.5476904,да,нет информации,https://ria.ru/incidents/20170926/1505633105.html
2017-09-26,"Кинотеатр , ""Факел""","ш. Энтузиастов, 15/16",55.751846,37.7139333,да,нет информации,https://ria.ru/incidents/20170926/1505633105.html
2017-09-26,"Кинотеатр  ""Высота"",","ул. Юных Ленинцев, 52",55.6998313,37.7633373,да,нет информации,https://ria.ru/incidents/20170926/1505633105.html
2017-09-26,"Кинотеатр ""Солнцево""","ул. Богданова, 19",55.6527851,37.3910907,да,нет информации,https://ria.ru/incidents/20170926/1505633105.html
2017-09-26,"Киноклуб  ""Эльдар""","Ленинский пр., 105,",55.6652953,37.5111367,да,нет информации,https://ria.ru/incidents/20170926/1505633105.html
2017-09-26,Мега белая дача,"5, 1-й Покровский пр-д,",55.6541933,37.8420853,да,нет информации,https://ria.ru/incidents/20171006/1506341245.html
2017-09-26,Управа р-на Донской,"Варшавское ш., 10,",55.6975786,37.617542,да,нет информации,https://ria.ru/incidents/20170926/1505568907.html
2017-09-26,"Управа р-на , ""Косино""","Большая Косинская, 20",55.713139,37.8535542,да,нет информации,https://ria.ru/incidents/20170926/1505568907.html
2017-09-26,"Управа р-на ""Новопеределкино""","Боровское ш., 33",55.6460525,37.3267259,да,нет информации,https://ria.ru/incidents/20170926/1505568907.html
2017-09-26,"Управа р-на  Ломоносовский""","ул.Кравченко, 8",55.6767181,37.5169019,да,нет информации,https://ria.ru/incidents/20170926/1505568907.html
2017-09-26,"Управа р-на ""Нижегородская""","Нижегородская ул., 58к1,",55.734092,37.7031364,да,нет информации,https://ria.ru/incidents/20170926/1505568907.html
2017-09-26,"Управа р-на ""Марфино""","Большая Марфинская ул., 4",55.8314063,37.5906306,да,нет информации,https://ria.ru/incidents/20170926/1505568907.html
2017-09-26,"Управа р-на  ""Чертаново Центральное""","Днепропетровская ул., 16к8",55.6159164,37.5805475,да,нет информации,https://ria.ru/incidents/20170926/1505568907.html
2017-09-26,Консульство Испании,"Стременной переулок, дом 31",55.7269742,37.6268328,да,30,https://ria.ru/incidents/20170926/1505589300.html
2017-09-24,Гостинница Космос,"пр-т Мира, 150",55.8219714,37.6451146,да,1000,https://ria.ru/incidents/20170924/1505454506.html
2017-09-23,Жилой дом,"Кунцевская ул., д 11",55.730456,37.4183821,да,225,https://ria.ru/incidents/20170923/1505425743.html
2017-09-22,ТЦ Семеновский,"Семеновская пл., 1,",55.782802,37.7184466,да,нет информации,https://ria.ru/incidents/20170922/1505366065.html
2017-09-22,ТЦ Новомосковский,"ул. Хабарова, 2,",55.5936804,37.3495171,да,нет информации,https://ria.ru/incidents/20170922/1505366065.html
2017-09-22,ТЦ Новоясеневский,"Новоясеневский пр-т, 1",55.6131738,37.5126837,да,нет информации,https://ria.ru/incidents/20170922/1505366065.html
2017-09-22,ТЦ Варшавский,"Варшавское шоссе, 87б",55.6537719,37.6185447,да,нет информации,https://ria.ru/incidents/20170922/1505366065.html
2017-09-22,ТЦ Алтуфьевский,"Алтуфьевское ш., 8",55.8525968,37.5835258,да,нет информации,https://ria.ru/incidents/20170922/1505366065.html
2017-09-22,Курский вокзал,пл. Курского вокзала,55.7574119,37.6589137,да,1700,https://ria.ru/incidents/20170922/1505389967.html
2017-09-22,ТЦ Авентура,"Северное Чертаново ул., 1",55.6367377,37.595813,да,4000,https://ria.ru/incidents/20170922/1505372645.html
2017-09-22,Управа р-на  Алтуфьевский,"Алтуфьевское ш., 56А",55.880893,37.5871254,да,нет информации ,https://ria.ru/incidents/20170922/1505315701.html
2017-09-22,"Управа р-на ""Рязанский""","1-я Новокузьминская ул., 10",55.7146294,37.7861458,да,нет информации ,https://ria.ru/incidents/20170922/1505315701.html
2017-09-22,Управа р-на Капотня,"Капотня 2-й кв-л, 7",55.639855,37.7950432,да,нет информации ,https://ria.ru/incidents/20170922/1505315701.html
2017-09-22,"Управа р-на "", ""Северное Чертаново""","Варшавское ш., 116,",55.633936,37.6153264,да,нет информации ,https://ria.ru/incidents/20170922/1505315701.html
2017-09-22,"Управа р-на , ""Гольяново""","Курганская ул., 8,",55.829488,37.8176403,да,нет информации ,https://ria.ru/incidents/20170922/1505315701.html
2017-09-22,"Управа р-на  ""Покровское-Стрешнево"" ","ул. Свободы, 16",55.831721,37.4517123,да,нет информации ,https://ria.ru/incidents/20170922/1505315701.html
2017-09-22,"Управа р-на ""Текстильщики""","Текстильщиков 8-я ул., д. 16, к.5.",55.7071158,37.701263,да,нет информации ,https://ria.ru/incidents/20170922/1505315701.html
2017-09-22,Управа р-на Левобережный,"Флотская ул., 1,",55.8651572,37.4314931,да,нет информации ,"https://ria.ru/incidents/20170922/1505303389.html
https://ria.ru/incidents/20170922/1505309601.html"
2017-09-22,Управа р-на Головино,"Флотская ул., 1",55.8651572,37.4314931,да,нет информации ,"https://ria.ru/incidents/20170922/1505303389.html
https://ria.ru/incidents/20170922/1505309601.html"
2017-09-22,Управа р-на Ховрино,"Флотская ул., 1",55.8651572,37.4314931,да,нет информации ,"https://ria.ru/incidents/20170922/1505303389.html
https://ria.ru/incidents/20170922/1505309601.html"
2017-09-22,Управа р-на Бирюлево Западное,"Медынская ул., 14Б,",55.582376,37.6436773,да,нет информации ,"https://ria.ru/incidents/20170922/1505303389.html
https://ria.ru/incidents/20170922/1505309601.html"
2017-09-22,Управа р-на  Северное Бутово,"ул. Грина, 1к2",55.562218,37.5806793,да,нет информации ,"https://ria.ru/incidents/20170922/1505303389.html
https://ria.ru/incidents/20170922/1505309601.html"
2017-09-22,Управа р-на Войковский,"1-й Новоподмосковный пер., 2/1,",55.8157318,37.5018923,да,нет информации ,https://ria.ru/incidents/20170922/1505309601.html
2017-09-22,"Управа р-на "", ""Москворечье-Сабурово","
Пролетарский пр., 7, ",55.6455621,37.6546628,да,нет информации ,https://ria.ru/incidents/20170922/1505309601.html
2017-09-22,Управа р-на Тимирязевский,"Астрадамский пр-д, 4,",55.811679,37.5588252,да,нет информации ,https://ria.ru/incidents/20170922/1505309601.html
2017-09-22,Управа р-на Ясенево,"ул. Паустовского, 8, к. 1",55.6015327,37.5356385,да,нет информации ,https://ria.ru/incidents/20170922/1505309601.html
2017-09-22,Префектура Зеленоградского округа,"Центральный пр., 1 ",55.9904614,37.2130857,да,нет информации ,https://ria.ru/incidents/20170922/1505309601.html
2017-09-21,ТЦ Принц Плаза,"Профсоюзная ул., 129А",55.6186693,37.5047384,да,1500,"https://ria.ru/incidents/20170921/1505276580.html
https://www.rbc.ru/rbcfreenews/59c3e8eb9a7947bc27b43dc1"
2017-09-21,ТЦ Домодедовский,"Ореховый б-р, 14, корп. 3",55.609739,37.7177051,да,,"https://ria.ru/incidents/20170921/1505276580.html
https://www.rbc.ru/rbcfreenews/59c3e8eb9a7947bc27b43dc1"
2017-09-21,ТЦ Москворечье,"Каширское ш., 26,",55.653834,37.6447107,да,нет информации ,https://ria.ru/incidents/20170921/1505276580.html
2017-09-21,ТЦ Калужский,"Профсоюзная ул., 61А,",55.6560231,37.5391299,да,нет информации ,https://ria.ru/incidents/20170921/1505276580.html
2017-09-21,ТЦ Капитолий,Вернадского дом 6,55.691966,37.5259133,да,нет информации ,https://ria.ru/incidents/20170921/1505276580.html
2017-09-21,ТЦ Спектр ,"Новоясеневский пр-кт, 1",55.6131738,37.5126837,да,нет информации ,https://ria.ru/incidents/20170921/1505276580.html
2017-09-21,Офис Яндекса,"ул. Тимура Фрунзе, 11,",55.7340351,37.5867093,да,2000,https://ria.ru/incidents/20170921/1505256975.html
2017-09-21,Музей холодной войны,"5-й Котельнический пер., 11",55.7418271,37.6471913,да,нет информации,https://ria.ru/incidents/20170921/1505242230.html
2017-09-21,Дарвиновский музей,"улица Вавилова, 57",55.6906834,37.5592602,да,нет информации,https://ria.ru/incidents/20170921/1505242230.html
2017-09-21,Музей кино,"пр-кт Мира, 119, стр.36,",55.839646,37.6146018,да,нет информации,https://ria.ru/incidents/20170921/1505242230.html
2017-09-21,Музей московского транспорта,"Рогожский Вал ул., 9/2,",55.742342,37.6766262,да,нет информации,https://ria.ru/incidents/20170921/1505242230.html
2017-09-21,"Музей ""Коломенское""","Андропова пр-т, 39",55.667258,37.6522459,да,нет информации,https://ria.ru/incidents/20170921/1505242230.html
2017-09-21,Бирюлевский дендропарк,Липецкая ул.,55.599583,37.6746794,да,нет информации,https://ria.ru/incidents/20170921/1505242230.html
2017-09-21,Музей-панорама Бородинская Битва,"Кутузовский проспект, д. 38, стр. 1",55.738764,37.5209623,да,нет информации,https://ria.ru/incidents/20170921/1505245188.html
2017-09-20,ТЦ Капитолий,Вернадского дом 6,55.691966,37.5259133,да,нет информации,https://ria.ru/incidents/20170920/1505184147.html
2017-09-20,ТЦ Горбушкин Двор,"Багратионовский пр-д, 7",55.7424624,37.5021641,да,нет информации,https://ria.ru/incidents/20170920/1505184147.html
2017-09-21,Управа р-на Новокосино,"ул. Суздальская, 20",55.741344,37.8522272,да,нет информации,https://ria.ru/incidents/20170921/1505225759.html
2017-09-21,Управа р-на  Марьино,"Люблинская ул., 161",55.6528277,37.7415448,да,нет информации,https://ria.ru/incidents/20170921/1505225759.html
2017-09-21,Управа р-на  Савеловский,"Петровско-Разумовский пр-д, 5",55.793799,37.5665343,да,нет информации,https://ria.ru/incidents/20170921/1505225759.html
2017-09-21,Управа р-на  Бирюлево-Западное,"Медынская ул., 14Б,",55.5837046,37.6461514,да,нет информации,https://ria.ru/incidents/20170921/1505225759.html
2017-09-21,Управа р-на Войковский,"1-й Новоподмосковный пер., 2/1,",55.8157318,37.5018923,да,нет информации,https://ria.ru/incidents/20170921/1505225759.html
2017-09-21,Управа р-на Кунцево,"ул. Академика Павлова, 42к2",55.743694,37.4073202,да,нет информации,https://ria.ru/incidents/20170921/1505225759.html
2017-09-21,Управа р-на Лианозово,"Алтуфьевское ш. (дублер), 87",55.893013,37.5833783,да,нет информации,https://ria.ru/incidents/20170921/1505225759.html
2017-09-21,"Управа р-на , Некрасовка",,,,да,нет информации,https://ria.ru/incidents/20170921/1505225759.html
2017-09-21,Управа р-на Раменки,"корп. 4, Мичуринский пр., 31,",55.6945478,37.4958156,да,нет информации,https://ria.ru/incidents/20170921/1505225759.html
2017-09-21,Управа р-на Люблино,"ул. Люблинская, 53,",55.6896104,37.7349848,да,нет информации,https://ria.ru/incidents/20170921/1505225759.html
2017-09-20,Управа р-на Бескудниково ,"Бескудниковский б-р, 16А,",55.86389,37.5598123,да,нет информации,https://ria.ru/incidents/20170920/1505141124.html
2017-09-20,Управа р-на Черемушки,"ул. Архитектора Власова, 25к2",55.6743955,37.5469383,да,нет информации,https://ria.ru/incidents/20170920/1505141124.html
2017-09-20,Управа р-на Митино,"Митинская дублер, 35",55.848119,37.3531343,да,нет информации,https://ria.ru/incidents/20170920/1505141124.html
2017-09-20,Управа р-на Замоскворечье,"ул. Бахрушина, 13",55.7354797,37.6334358,да,нет информации,https://ria.ru/incidents/20170920/1505141124.html
2017-09-20,Управа р-на  Теплый Стан,"Профсоюзная ул., 154к2",55.622092,37.5008233,да,нет информации,https://ria.ru/incidents/20170920/1505141124.html
2017-09-20,Управа р-на Отрадное,"пр-д Якушкина, 4,",55.8584765,37.6092937,да,нет информации,https://ria.ru/incidents/20170920/1505141124.html
2017-09-20,Управа р-на Чертаново,располагается по 2 адресам,,,да,нет информации,https://ria.ru/incidents/20170920/1505141124.html
2017-09-20,Управа р-на  Новогиреево,"Зеленый пр., 20,",55.750548,37.7848124,да,нет информации,https://ria.ru/incidents/20170920/1505141124.html
2017-09-20,Управа р-на Покровское-Стрешнево,"ул. Свободы, 16",55.831721,37.4517123,да,нет информации,https://ria.ru/incidents/20170920/1505141124.html
2017-09-20,Управа р-на  Молжаниново,"Синявинская ул., 11,",55.948191,37.3428654,да,нет информации,https://ria.ru/incidents/20170920/1505141124.html
2017-09-20,Управа р-на  Хамовники,"ул. Пречистенка, 14",55.7433602,37.5949456,да,нет информации,https://ria.ru/incidents/20170920/1505141124.html
2017-09-20,Управа р-на Таганская,"Воронцовская ул., 21",55.736877,37.6572622,да,нет информации,https://ria.ru/incidents/20170920/1505141124.html
2017-09-20,Управа р-на Преображенская,"ул. Большая Черкизовская, 14A ·",55.7961019,37.7237775,да,нет информации,https://ria.ru/incidents/20170920/1505141124.html
2017-09-20,Управа р-на Алексеевская,"пр-т Мира, 104",55.8021634,37.6347372,да,нет информации,https://ria.ru/incidents/20170920/1505141124.html
2017-09-18,ТЦ Гагаринский,"ул. Вавилова, 3",55.7070902,37.5892644,да,нет информации,https://ria.ru/incidents/20170919/1505057317.html
2017-09-18,Ресторан Lookin Rooms,"Тверская ул., 18, стр. 1",55.766208,37.6018633,да,100,https://ria.ru/incidents/20170918/1505028695.html
2017-09-18,Chips ,"ул. Кузнецкий Мост, 7",55.7619134,37.6162219,да,,https://ria.ru/incidents/20170918/1505028695.html
2017-09-18,Клуб Лондон,"Вернадского пр., 14,",55.6768669,37.5027141,да,80,https://ria.ru/incidents/20170918/1505028695.html
2017-09-18,префектура ЮЗАО,располагается по 3 адресам,,,да,600,https://ria.ru/incidents/20170918/1504977036.html
2017-09-18,Префектура ЮВАО,"ул. Авиамоторная, 10",55.754114,37.7124503,да,,https://ria.ru/incidents/20170918/1504977036.html
2017-09-18,Префектура ЗАО,"ул. Ивана Франко, 12,",55.727969,37.4410484,да,,https://ria.ru/incidents/20170918/1504977036.html
2017-09-18,Управа южное бутово,"
ул. Маршала Савицкого, 30
Большая Бутовская ул., д.13",,,да,,https://ria.ru/incidents/20170918/1504977036.html
2017-09-18,Управа района Ломоносовский,"ул. Кравченко, 8",55.677027,37.5173352,да,,https://ria.ru/incidents/20170918/1504977036.html
2017-09-17,Мега Теплый Стан,"Калужское ш., 21км",55.6103219,37.4787836,да,нет информации,https://russian.rt.com/russia/news/431249-evakuaciya-tc-moskva
2017-09-17,ТРЦ РИО,Сеть ТРЦ с одинаковым названием,,,,,
2017-09-17,ТЦ Охотный ряд,"Манежная площадь, д.1, стр.2",55.7554867,37.6122023,да,2000,https://ria.ru/incidents/20170918/1504977036.html
2017-09-17,ТРЦ Хорошо,"Хорошевское ш., 27",55.7775617,37.5249644,да,1000,https://ria.ru/incidents/20170918/1504977036.html
2017-09-16,Ярославский вокзал,"Комсомольская пл., 5",55.776807,37.6573189,да,500,https://ria.ru/incidents/20170918/1504977036.html
2017-09-16,Клуб Бессонница,"Болотная набережная, 11",55.741396,37.611175,да,200,https://ria.ru/incidents/20170916/1504919270.html
2017-09-16,Клуб ICON,"Проспект Мира, 12, с 1",55.7746821,37.6326436,да,,https://ria.ru/incidents/20170916/1504919270.html
2017-09-16,Клуб RED,"Болотная наб., 9 строение 1",55.7601597,37.6224232,да,,https://ria.ru/incidents/20170916/1504919270.html
2017-09-14,ЦДМ,"Театральный проезд, дом 5, строение 1",55.7601597,37.6224232,да,8000,https://ria.ru/incidents/20170914/1504773642.html
2017-09-14,ТРЦ Золотой Вавилон (к-т Люксор),"дом 211 корпус 2, пр-т Мира",55.8449021,37.6576416,да,,https://ria.ru/incidents/20170914/1504773642.html
2017-09-13,МГИМО,"пр. Вернадского, 76",55.6682638,37.4865767,да,нет информации,https://ria.ru/incidents/20170913/1504710737.html
2017-09-13,РГСУ,"ул Стромынка, 18 корпус 4",55.793086,37.6947029,да,500,https://ria.ru/incidents/20170913/1504714021.html
2017-09-13,РЭУ им Плеханова,Главный корпус - адрес?!,,,да,нет информации,https://ria.ru/incidents/20170913/1504709544.html
2017-09-13,ГУМ,"Красная пл., 3",55.7546025,37.6215995,,нет информации,https://ria.ru/incidents/20170913/1504707934.html
2017-09-13,МГМУ им Сеченова,"Трубецкая, 8",55.7284199,37.5735034,да,600-700,https://ria.ru/incidents/20170913/1504706441.html
2017-09-13,Митинский радиорынок,"Пятницкое ш., 18,",55.8444973,37.3817754,да,нет информации,https://www.pnp.ru/social/v-moskve-ekstrenno-evakuirovan-mitinskiy-radiorynok.html
2017-09-13,ТЦ Метрополис,"Ленинградское ш., 16А, с.4",55.8238235,37.4942928,да,нет информации,https://ria.ru/incidents/20170913/1504698340.html
2017-09-13,Киевский вокзал,"пл. Киевского Вокзала, 1",55.743084,37.56611,да,нет информации,https://ria.ru/incidents/20170913/1504698340.html
2017-09-13,Ярославский вокзал,"Комсомольская пл., 5",55.776807,37.6573189,да,нет информации,https://ria.ru/incidents/20170913/1504698340.html
2017-09-13,Казанский вокзал,"Комсомольская пл., 2",55.7736063,37.6545702,да,нет информации,https://ria.ru/incidents/20170913/1504698340.html
